trial_id,max_num_of_clusters,max_dissimilarity_distance,similarity_threshold,window_size,metric,similarity_vectors,embedding_distance_metric,distance_metric,number_of_permutations,ngramms,char_tokenization,num_of_comparisons,diffObjectsComparedSuccess,sameObjectsCompared,sameObjectsComparedSuccess,selection_variance,selectedNumOfPrototypes,averageBucketSize,prototypesTime,embeddingsTime,wtaTime,similarityTime,Accuracy,Precision,Recall,F1,Time
0,752,0.3169897476515169,0.6852594023869281,100,kendal,initial,euclid_jaccard,euclid_jaccard,2,2,True,275510,258770,14307,10224,,406,51,15.264732360839844,28.36459493637085,0.3100004196166992,152.17616987228394,98.86302969636303,80.71698416526003,58.43808193668529,67.79409282700422,197.0275011062622
1,881,0.5773782835953546,0.7069752292698235,79,kendal,initial,euclid_jaccard,euclid_jaccard,2,2,True,528110,506114,15785,11017,,146,38,6.039393424987793,4.733893871307373,0.11200261116027832,210.6971836090088,98.5387768721102,64.90070234923711,62.37779329608939,63.614243323442146,222.27952766418457
2,366,0.17426948386086308,0.7451697292539596,39,kendal,initial,euclid_jaccard,euclid_jaccard,4,2,True,490679,472551,16104,9152,,284,78,2.1279993057250977,9.695057153701782,0.3299999237060547,247.49271869659424,98.77055627055627,82.32137814176787,50.89036312849162,62.897831481281685,260.3567759990692
3,776,0.7404692489622082,0.7030419510798191,48,kendal,initial,euclid_jaccard,euclid_jaccard,2,2,True,342869,283946,12928,10621,,22,22,3.744027614593506,0.6500029563903809,0.03000044822692871,234.64157915115356,93.7368320701654,18.75971456831991,61.80749534450651,28.78319783197832,239.81960725784302
4,591,0.24936307379250808,0.742909085457514,73,kendal,initial,euclid_jaccard,euclid_jaccard,2,2,True,363202,347909,14318,8201,,407,41,4.769001245498657,13.544604063034058,0.27199625968933105,171.60584950447083,98.78521378521378,89.33153274814315,46.19413407821229,60.897583429228995,190.93348622322083
5,379,0.7879135902785238,0.6743199366382544,44,kendal,initial,euclid_jaccard,euclid_jaccard,3,2,True,461483,211326,14548,9591,,4,12,1.9310388565063477,0.20896077156066895,0.02503824234008789,272.70480155944824,71.01839935173268,3.9115008156606854,55.81354748603352,7.310659186535765,275.6428701877594
6,804,0.635374838852772,0.7132470350758172,33,kendal,initial,euclid_jaccard,euclid_jaccard,1,2,True,167912,154800,8506,6832,,99,17,4.7329182624816895,3.089083194732666,0.035999298095703125,63.3523371219635,98.21750321750322,59.73072215422277,39.757914338919925,47.73950108308294,71.94134783744812
7,221,0.43890781025502745,0.683209488740805,73,kendal,initial,euclid_jaccard,euclid_jaccard,5,2,True,179670,165836,11406,8816,,84,116,0.591968297958374,2.8859355449676514,0.16803359985351562,98.96377205848694,98.70906620906621,79.80290943219146,49.48207635009311,61.08696433061533,103.30474424362183
8,242,0.4837990151728301,0.5620115316112545,91,kendal,initial,euclid_jaccard,euclid_jaccard,5,2,True,157564,108516,10671,10082,,71,125,0.7710013389587402,2.2493419647216797,0.15500354766845703,72.8036322593689,94.58041374708041,20.805216781196474,58.67085661080075,30.717669820087444,76.78001141548157
9,838,0.2842395776243463,0.6360873571794712,56,kendal,initial,euclid_jaccard,euclid_jaccard,3,2,True,561895,535678,16118,12251,,491,71,9.410014867782593,16.580546855926514,0.40900111198425293,260.56464672088623,98.19402736069402,54.696976711884815,68.75,60.92360054663126,287.71131682395935
10,613,0.11083105191319387,0.6074920227817793,54,kendal,initial,euclid_jaccard,euclid_jaccard,4,2,True,488690,454366,15891,12446,,502,86,4.8378236293792725,15.563597440719604,0.553997278213501,259.1979191303253,97.336145669479,41.05783866057839,69.07006517690876,51.501345135815335,280.9273748397827
11,600,0.10824378046436414,0.6115478189079717,58,kendal,initial,euclid_jaccard,euclid_jaccard,4,2,True,557914,520386,17043,12925,,493,89,5.1209447383880615,15.796607255935669,0.5300016403198242,289.47596192359924,97.24903474903475,40.24789291026277,70.86243016759776,51.33750711439955,311.67151737213135
12,602,0.13183526678699703,0.6067456241039637,59,kendal,initial,euclid_jaccard,euclid_jaccard,4,2,True,408461,373253,16052,12682,,484,93,4.565186977386475,15.545005559921265,0.5429975986480713,224.93530583381653,97.31195481195482,40.9906435494148,71.13012104283054,52.009446205561346,246.37549424171448
13,486,0.10442827831096907,0.5948706621915077,64,kendal,initial,euclid_jaccard,euclid_jaccard,4,2,True,472944,429498,16308,12579,,394,98,3.0136330127716064,11.96372365951538,0.4030001163482666,240.94677877426147,96.43083559750227,32.66342576247251,69.9895251396648,44.540320340709194,257.05613946914673
14,682,0.3742806930977205,0.6372548093709874,61,kendal,initial,euclid_jaccard,euclid_jaccard,4,2,True,396032,372737,15053,11645,,307,92,5.910473823547363,10.02128291130066,0.38700127601623535,208.84167981147766,98.3930358930359,59.6847672409279,66.32914338919925,62.83178523193958,225.95147109031677
15,510,0.21889608271173078,0.5965669073252536,72,kendal,initial,euclid_jaccard,euclid_jaccard,5,2,True,585011,540979,16618,13040,,365,109,3.4640796184539795,11.829407930374146,0.5279979705810547,299.62285470962524,96.48696315362983,33.33965638718769,71.59567039106145,45.49421292016419,316.1694116592407
16,484,0.8959729349016268,0.5599268444960198,85,kendal,initial,euclid_jaccard,euclid_jaccard,5,2,True,835235,0,17085,0,,1,5,2.2089972496032715,0.10799908638000488,0.03600168228149414,453.9844238758087,97.95223795223795,0.0,0.0,0.0,457.06972765922546
17,495,0.20487533578096723,0.5849665638622021,69,kendal,initial,euclid_jaccard,euclid_jaccard,5,2,True,531472,485435,16474,13182,,364,119,3.0200273990631104,11.58791971206665,0.47899961471557617,298.505393743515,96.3736355403022,32.61229097209461,72.29399441340783,44.94817012500678,314.455379486084
18,482,0.20460261401047616,0.5875399980173847,70,kendal,initial,euclid_jaccard,euclid_jaccard,5,2,True,504257,458857,16906,13441,,352,118,3.330904960632324,11.469411134719849,0.5139598846435547,275.0930757522583,96.34205634205634,32.51733774971535,73.12616387337057,45.01683742924697,291.1473500728607
19,355,0.3734226114556012,0.5769601719886233,83,kendal,initial,euclid_jaccard,euclid_jaccard,3,2,True,278944,235177,14735,12303,,165,76,1.7836594581604004,5.7200000286102295,0.17400097846984863,145.99692821502686,95.95404928738263,29.326330324998768,69.20972998137802,41.196439086909834,154.44962167739868
20,428,0.34312894750659706,0.5800178494369997,67,kendal,initial,euclid_jaccard,euclid_jaccard,5,2,True,515880,464244,15784,13000,,220,117,2.5360000133514404,7.6264965534210205,0.34059596061706543,244.24104809761047,95.48584298584298,26.94646795428724,70.39106145251397,38.9734667246629,255.46911120414734
21,518,0.20322051102270983,0.6271422374573604,72,kendal,initial,euclid_jaccard,euclid_jaccard,5,2,True,578417,543523,17189,12507,,380,121,3.460622549057007,12.577602624893188,0.5729999542236328,308.77450942993164,97.53968253968253,43.60263138443344,68.65689013035382,53.33393607883911,326.1091423034668
22,442,0.2177937656820023,0.5794175922990448,68,kendal,initial,euclid_jaccard,euclid_jaccard,5,2,True,475585,424241,16871,13687,,318,110,2.42684006690979,9.62439775466919,0.42799830436706543,234.625097990036,95.9343867677201,30.074604033795392,74.36568901303538,42.82865521575199,247.91033601760864
23,307,0.2613368459716489,0.5777591575267668,68,kendal,initial,euclid_jaccard,euclid_jaccard,5,2,True,515359,450208,16884,13917,,206,113,1.2819993495941162,7.115117311477661,0.31499791145324707,236.26307702064514,94.14914914914915,22.339134655387603,74.99418063314711,34.424083769633505,245.9113368988037
24,295,0.4214441070178742,0.550711882260233,80,kendal,initial,euclid_jaccard,euclid_jaccard,5,2,True,357069,286499,15364,13316,,119,133,1.094998836517334,3.5972273349761963,0.22403526306152344,173.83269095420837,93.20129653462986,19.390700816903138,73.48696461824954,30.684745103756622,179.5349884033203
25,296,0.4831224875582925,0.5500594216972695,78,kendal,initial,euclid_jaccard,euclid_jaccard,4,2,True,284444,211322,13095,11845,,95,104,1.2720017433166504,3.444545269012451,0.15655779838562012,129.1662392616272,92.61154011154011,16.799762945403362,65.98580074487896,26.78113818065872,134.77834105491638
26,305,0.421011368913249,0.5689301361615313,89,kendal,initial,euclid_jaccard,euclid_jaccard,5,2,True,303058,249162,14779,12620,,124,137,1.143968105316162,4.3088648319244385,0.21703100204467773,144.37632632255554,94.85974069307403,24.105450118741146,70.2921322160149,35.899722110769325,150.82622694969177
27,286,0.2887730509344808,0.5519190798035915,51,kendal,initial,euclid_jaccard,euclid_jaccard,3,2,True,361080,297898,14925,12855,,187,58,1.1370048522949219,6.547020435333252,0.171966552734375,190.52640914916992,94.07347824014491,21.990258678553605,74.35405027932961,33.94211484054352,199.17140078544617
28,434,0.2527858539395456,0.6633730360427853,50,kendal,initial,euclid_jaccard,euclid_jaccard,3,2,True,436825,410842,16063,11510,,294,57,2.3936941623687744,9.29805850982666,0.23541903495788574,219.72713351249695,98.15911149244482,54.3205574912892,63.506750465549345,58.55556151741159,232.36933660507202
29,200,0.3022592873794616,0.6216224427020375,64,kendal,initial,euclid_jaccard,euclid_jaccard,1,2,True,211041,192718,9213,7625,,120,24,0.45799970626831055,3.8955297470092773,0.04199981689453125,102.09353303909302,97.77527527527528,45.56319091723932,44.37267225325884,44.96005188832218,107.2710633277893
30,416,0.5495732345645741,0.5735894698408232,99,kendal,initial,euclid_jaccard,euclid_jaccard,3,2,True,179446,138772,11439,10189,,93,66,2.699000120162964,3.057997703552246,0.12100410461425781,96.83688855171204,95.682587349254,25.844663149350648,59.29352886405959,35.99844544940645,103.48089051246643
31,304,0.30031218916495195,0.5515289862102901,78,kendal,initial,euclid_jaccard,euclid_jaccard,4,2,True,461627,381346,16591,14182,,186,109,1.2529988288879395,5.983406066894531,0.24300003051757812,208.5713493824005,92.76085609418942,18.979463955111225,77.55470204841714,30.495869659733188,216.8217580318451
32,274,0.32046236843362685,0.5588997349073612,77,kendal,initial,euclid_jaccard,euclid_jaccard,4,2,True,302464,252237,14498,12664,,154,102,1.1159608364105225,5.413073539733887,0.20703768730163574,164.580872297287,95.59059059059058,27.34464310210801,69.59962756052141,39.26332031121762,172.10398268699646
33,333,0.1633617758893457,0.5643617521009026,53,kendal,initial,euclid_jaccard,euclid_jaccard,3,2,True,358814,305899,14757,12590,,264,66,1.5330023765563965,8.843793392181396,0.22500061988830566,177.9571578502655,94.99427999427999,24.700342465753426,70.51326815642457,36.585144927536234,189.37194871902466
34,254,0.2798857625527193,0.5935138643889827,62,kendal,initial,euclid_jaccard,euclid_jaccard,4,2,True,458140,408855,15840,12791,,164,94,0.8819999694824219,5.6769983768463135,0.2590043544769287,242.40979552268982,95.88445588445589,29.07481549370508,70.15246741154563,41.111073218974866,249.9691686630249
35,393,0.3437591307557678,0.573329311656518,39,kendal,initial,euclid_jaccard,euclid_jaccard,2,2,True,439717,387323,15596,12543,,201,35,1.9610204696655273,6.021264553070068,0.10399818420410156,193.19758486747742,95.10617760617761,25.30247564683254,71.19413407821229,37.33577477683681,202.0168001651764
36,341,0.25185846576314097,0.5532317361396423,48,kendal,initial,euclid_jaccard,euclid_jaccard,4,2,True,559446,478331,17022,14142,,231,81,1.5060362815856934,7.223097801208496,0.2518341541290283,266.74619698524475,92.26047476047476,18.013420661389482,78.26466480446928,29.286297566552342,276.54416370391846
37,348,0.1712128381959852,0.5698338624834965,43,kendal,initial,euclid_jaccard,euclid_jaccard,4,2,True,490623,428970,16046,13503,,269,70,1.7089998722076416,8.9150230884552,0.3079967498779297,272.7703950405121,94.44158444158444,23.279396292130755,74.67993482309124,35.49439911492187,284.48641419410706
38,357,0.16107937575418782,0.6540288960826217,43,kendal,initial,euclid_jaccard,euclid_jaccard,4,2,True,511686,480574,16387,11984,,280,75,1.9730000495910645,8.972082614898682,0.29996633529663086,283.38083148002625,97.61392344725678,44.52501253519497,67.17877094972067,53.554777203034035,295.4238796234131
39,337,0.2517347989901939,0.7335950503066325,32,kendal,initial,euclid_jaccard,euclid_jaccard,4,2,True,567391,546931,17074,9971,,228,65,1.511000394821167,7.334552764892578,0.26599740982055664,302.9382801055908,98.70501453834787,75.56868776815348,54.323789571694604,63.20885668822156,312.76548767089844
40,554,0.6798615085802088,0.5653968045973755,36,kendal,initial,euclid_jaccard,euclid_jaccard,4,2,True,318320,230146,13730,12211,,50,62,3.8970890045166016,1.4984827041625977,0.0820314884185791,155.44299960136414,91.07726774393441,14.730767349733457,70.11173184357543,24.346279755890553,161.78460121154785
41,447,0.1601436319906668,0.5808580293608321,45,kendal,initial,euclid_jaccard,euclid_jaccard,5,2,True,649106,591415,17171,13587,,352,111,2.812000036239624,11.839003562927246,0.5500340461730957,305.9051773548126,95.35404452071118,27.095283117974578,75.04655493482309,39.81537226570339,321.8272497653961
42,390,0.1613041988926186,0.601050478089916,44,kendal,initial,euclid_jaccard,euclid_jaccard,4,2,True,549342,498464,16445,13306,,307,72,1.8163318634033203,9.068461179733276,0.3979988098144531,264.69535994529724,95.75420658753993,28.859598853868196,73.26582867783985,41.40834415958164,276.7132933139801
43,327,0.2470072382614667,0.5887639214653233,40,kendal,initial,euclid_jaccard,euclid_jaccard,5,2,True,624237,565488,17168,13745,,224,89,1.2743420600891113,6.922257900238037,0.3119659423828125,286.52657103538513,94.8130273130273,24.909994856848964,76.09986033519553,37.533904507685016,295.8491778373718
44,251,0.23641650283279372,0.6199832855970981,47,kendal,initial,euclid_jaccard,euclid_jaccard,5,2,True,466004,425899,16733,12448,,174,111,0.7939960956573486,5.291100740432739,0.24900007247924805,234.66864848136902,96.80513847180514,35.35835969822341,67.6385009310987,46.43998721431996,241.79771089553833
45,324,0.369011673535382,0.5838308013714758,39,kendal,initial,euclid_jaccard,euclid_jaccard,5,2,True,494585,426056,16996,13563,,148,89,1.485999584197998,5.006001234054565,0.2330005168914795,255.84549188613892,93.7022737022737,20.841781673098307,74.17364990689012,32.54020934388562,263.33740878105164
46,226,0.2730030251781912,0.5577748864099383,30,kendal,initial,euclid_jaccard,euclid_jaccard,5,2,True,632947,555164,17631,13990,,149,90,0.6429994106292725,4.857000350952148,0.29200267791748047,312.28172516822815,92.97881214547881,19.268662651134708,76.14059590316573,30.754404315582875,318.85524249076843
47,213,0.14300305055719603,0.5575668239279666,30,kendal,initial,euclid_jaccard,euclid_jaccard,5,2,True,633640,561202,17524,13500,,158,111,0.543999433517456,4.9715142250061035,0.23199892044067383,292.8852825164795,93.73921540588206,20.829070266345422,73.45204841713222,32.4548095960505,299.4637987613678
48,231,0.31705228707235583,0.5897314124628171,36,kendal,initial,euclid_jaccard,euclid_jaccard,5,2,True,587918,532969,16856,13248,,127,81,0.6315617561340332,3.8662524223327637,0.1890397071838379,281.71769881248474,95.16790600123933,26.026553938971087,73.80702979515829,38.482894637032544,287.1955192089081
49,263,0.4575869175969824,0.6941700354824607,34,kendal,initial,euclid_jaccard,euclid_jaccard,5,2,True,560182,536105,16927,11533,,86,88,1.0129997730255127,2.7910516262054443,0.1490039825439453,262.4005968570709,98.4632251298918,62.293577981651374,63.221601489757916,62.754158964879856,267.0726523399353
50,395,0.40104236153300243,0.5588079765223924,30,kendal,initial,euclid_jaccard,euclid_jaccard,4,2,True,496754,432775,16522,13447,,167,67,2.2230899333953857,5.3850133419036865,0.1999986171722412,279.2522523403168,94.36460269793602,23.250524220776914,76.14059590316573,35.62307713251109,287.852356672287
51,409,0.39526520620953765,0.5583837425966903,30,kendal,initial,euclid_jaccard,euclid_jaccard,4,2,True,564112,496466,16896,13576,,172,74,2.402536630630493,5.575773000717163,0.1999669075012207,277.8417077064514,93.82346632346632,21.607801360321233,76.72253258845437,33.71910126727963,286.79997420310974
52,386,0.40272493613774407,0.5564594209886388,30,kendal,initial,euclid_jaccard,euclid_jaccard,4,2,True,455575,395802,16499,13722,,165,68,2.244199752807617,5.349564790725708,0.19499921798706055,231.24152779579163,94.84472567805902,24.72914042058339,74.24930167597765,37.10144084677009,239.76232862472534
53,733,0.5205388342575942,0.5637795298331711,36,kendal,initial,euclid_jaccard,euclid_jaccard,4,2,True,735134,640301,17194,14480,,189,63,6.618692636489868,5.5979509353637695,0.21533560752868652,364.01023721694946,90.59154392487726,15.604953670705632,81.54096834264432,26.19653006281783,377.17625284194946
54,695,0.549243092720063,0.5641702563952888,35,kendal,initial,euclid_jaccard,euclid_jaccard,4,2,True,734435,633080,16841,14215,,162,48,5.757335186004639,5.1975624561309814,0.20099973678588867,354.12109184265137,89.841865675199,14.480455091070404,80.73207635009311,24.556372744249444,366.0700216293335
55,705,0.5424483083540499,0.5645505465444345,35,kendal,initial,euclid_jaccard,euclid_jaccard,4,2,True,714845,614298,17478,14683,,170,57,6.540837049484253,5.827001094818115,0.20799970626831055,325.2570312023163,90.54197054197054,15.526111542299589,81.48859404096834,26.08266433214745,338.6228721141815
56,728,0.5712696459533972,0.5682664387848656,34,kendal,initial,euclid_jaccard,euclid_jaccard,4,2,True,713495,596903,17369,14589,,151,57,6.159640312194824,5.155016660690308,0.19400429725646973,375.3832688331604,88.60288860288861,13.253835921838993,82.33822160148976,22.832383933902435,387.6719739437103
57,725,0.5419713210919662,0.5663964326064708,36,kendal,initial,euclid_jaccard,euclid_jaccard,3,2,True,705035,606254,16640,14090,,174,33,6.5081000328063965,5.442662954330444,0.15399980545043945,390.8345293998718,90.09449926116592,14.775046208746007,80.47602420856612,24.96637510042336,403.8057098388672
58,725,0.5598046728990611,0.5674464462293927,36,kendal,initial,euclid_jaccard,euclid_jaccard,3,2,True,784475,668792,17347,14691,,160,45,6.053391695022583,5.03964376449585,0.14499926567077637,344.4325132369995,88.61218361218361,13.266281729219001,82.3614990689013,22.85174540640036,356.4210810661316
59,724,0.5704430761312724,0.5671732586489008,35,kendal,initial,euclid_jaccard,euclid_jaccard,3,2,True,499211,402718,16314,13995,,151,45,6.30099892616272,4.98799991607666,0.1380007266998291,270.8119430541992,90.33616950283617,15.010566194746467,79.77770018621973,25.26701869822049,283.10494661331177
60,658,0.6136839671153538,0.6011446980371692,41,kendal,initial,euclid_jaccard,euclid_jaccard,3,2,True,401131,339275,15168,12487,,117,51,5.4021570682525635,3.772998809814453,0.11999917030334473,216.91829562187195,94.1055341055341,21.13011125818338,68.74418063314711,32.32453139964427,226.97844910621643
61,731,0.5431975951725179,0.5687847528309471,36,kendal,initial,euclid_jaccard,euclid_jaccard,3,2,True,562524,471791,16344,13900,,173,49,6.509727954864502,5.73806095123291,0.1600046157836914,280.0582392215729,91.17164783831451,16.163982778716015,79.09101489757914,26.842178026188453,293.21092081069946
62,752,0.5228283849741223,0.5648484128466608,35,kendal,initial,euclid_jaccard,euclid_jaccard,2,2,True,315365,265328,12945,11333,,191,32,6.604772090911865,5.700567245483398,0.10899901390075684,143.95552706718445,94.88262071595405,23.403200826019617,65.95088454376163,34.54708957612523,157.09692573547363
63,815,0.5987689181692556,0.5746082967298285,38,kendal,initial,euclid_jaccard,euclid_jaccard,3,2,True,321770,246924,13699,12013,,130,48,5.231617212295532,4.066281080245972,0.12703251838684082,153.08331489562988,92.31684065017399,16.69905920793195,69.00023277467412,26.890279856669846,163.23825001716614
64,705,0.6609657550881333,0.5691523621142651,33,kendal,initial,euclid_jaccard,euclid_jaccard,3,2,True,644765,486178,15075,13138,,74,32,4.421454906463623,2.4094531536102295,0.08799958229064941,309.69162702560425,82.50333667000334,8.368603926757054,75.82635009310988,15.07360384070336,317.41156697273254
65,643,0.572632923527152,0.5836346511204894,37,kendal,initial,euclid_jaccard,euclid_jaccard,3,2,True,416045,351308,16279,13472,,135,46,5.226677179336548,4.5092222690582275,0.12900161743164062,242.0421667098999,94.28082844749511,22.962702939885915,76.13477653631286,35.283647298372415,252.79107284545898
66,879,0.5106134790061888,0.5755085302413225,41,kendal,initial,euclid_jaccard,euclid_jaccard,2,2,True,254746,210022,12703,11343,,211,34,7.513432025909424,7.285527467727661,0.11398816108703613,152.4855933189392,95.75361075361076,27.100089365504914,63.5300279329609,37.993318020463555,168.14492058753967
67,786,0.47277537309110906,0.5633459905262521,33,kendal,initial,euclid_jaccard,euclid_jaccard,3,2,True,552421,484430,16794,13967,,237,41,7.603008031845093,7.71713662147522,0.20000290870666504,325.4418077468872,93.58263024929691,20.748907112543478,75.68086592178771,32.56868097468132,341.7409543991089
68,704,0.707496148701488,0.6075294783169397,46,kendal,initial,euclid_jaccard,euclid_jaccard,3,2,True,336518,227487,12719,11290,,42,47,4.441000699996948,1.4050021171569824,0.06599712371826172,122.3776159286499,87.82067782067782,10.492565055762082,65.70065176908753,18.09526862418259,129.02861189842224
69,755,0.5660155021481115,0.5916738010589311,41,kendal,initial,euclid_jaccard,euclid_jaccard,3,2,True,457309,384930,15816,13238,,155,46,6.081053733825684,5.447591066360474,0.1529989242553711,235.692125082016,93.07700557700558,19.31598289957249,74.93598696461825,30.71473720616823,248.10906076431274
70,637,0.6035486333906397,0.5805463138627556,33,kendal,initial,euclid_jaccard,euclid_jaccard,2,2,True,376939,304974,14697,12383,,120,27,5.1334803104400635,3.5211195945739746,0.0729982852935791,215.92546200752258,92.88085704752372,18.185488091144236,70.78095903165735,28.93644355097719,225.41706490516663
71,725,0.540181166728569,0.5691971696114482,37,kendal,initial,euclid_jaccard,euclid_jaccard,3,2,True,660659,560217,16968,14293,,178,47,6.699004173278809,5.553997993469238,0.15851092338562012,347.5031087398529,90.27050860384193,14.827909819070692,79.07355679702049,24.972891510907722,360.63759303092957
72,737,0.6424032954623238,0.5663228886437434,35,kendal,initial,euclid_jaccard,euclid_jaccard,3,2,True,637529,485876,16515,14354,,91,34,4.99459171295166,3.327997922897339,0.11800098419189453,311.5621430873871,83.94644644644644,9.611062618987072,81.3780260707635,17.191716405524858,320.8117666244507
73,681,0.6562490883655717,0.5742964304420993,35,kendal,initial,euclid_jaccard,euclid_jaccard,3,2,True,522282,402579,16069,13732,,78,38,5.220890998840332,2.987001419067383,0.09400224685668945,246.33605360984802,87.61964345297677,11.85450450054112,78.40432960893855,20.595091602528335,255.43394708633423
74,771,0.6260027275962634,0.5664892577149864,32,kendal,initial,euclid_jaccard,euclid_jaccard,3,2,True,578654,452366,15700,13534,,104,43,5.604283332824707,3.799999952316284,0.1080012321472168,238.79947543144226,86.68060918060918,11.048699934934977,78.06680633147114,19.357724691741037,249.11174988746643
75,824,0.7621932727584826,0.7205148552820367,38,kendal,initial,euclid_jaccard,euclid_jaccard,3,2,True,411201,338571,13437,10083,,12,27,3.3385260105133057,0.37326574325561523,0.030994892120361328,245.7805061340332,92.10734544067878,14.560693641618498,58.63594040968343,23.328394147064273,250.260320186615
76,688,0.49590479877080484,0.5613356241787422,42,kendal,initial,euclid_jaccard,euclid_jaccard,4,2,True,614661,544074,16941,14297,,191,78,6.105305194854736,6.102898120880127,0.23099970817565918,261.2516522407532,93.75017875017875,21.883073390106208,79.85335195530726,34.35223432219301,274.43589067459106
77,682,0.4956324590839963,0.5626506154336712,42,kendal,initial,euclid_jaccard,euclid_jaccard,4,2,True,583916,514272,16981,14248,,190,71,6.295966863632202,6.864000082015991,0.372999906539917,276.09000730514526,94.10064826731494,22.849990759874334,79.14920856610802,35.462213357320714,290.41400694847107
78,574,0.5177506762256576,0.5977189386849434,39,kendal,initial,euclid_jaccard,euclid_jaccard,4,2,True,574423,528431,17177,13509,,140,72,4.3255956172943115,4.378986120223999,0.167999267578125,269.84546852111816,96.33276133276134,32.773918775034225,75.23277467411546,45.657778562599326,279.46905279159546
79,790,0.5899529996633637,0.5500193682661212,32,kendal,initial,euclid_jaccard,euclid_jaccard,4,2,True,704694,563258,16200,14224,,135,58,5.639094591140747,4.475097417831421,0.16700267791748047,360.4704909324646,86.09502359502359,10.875360768801265,80.47602420856612,19.161303284537524,371.4858202934265
80,779,0.6506223185220132,0.5500122081456272,50,kendal,initial,euclid_jaccard,euclid_jaccard,4,2,True,511992,361000,15332,13673,,83,53,4.740445375442505,2.4210002422332764,0.11696481704711914,189.4271969795227,83.45559845559846,9.101545164804131,78.77094972067039,16.317673863513075,197.4816071987152
81,749,0.5909430101032278,0.5543040070646108,32,kendal,initial,euclid_jaccard,euclid_jaccard,4,2,True,728351,599114,17363,14821,,135,43,5.972004175186157,4.400719881057739,0.17299985885620117,355.39106345176697,86.75199008532341,11.614990034959323,82.75139664804469,20.37074177004842,366.7267882823944
82,867,0.5869092244283107,0.5554329406257761,32,kendal,initial,euclid_jaccard,euclid_jaccard,4,2,True,570495,451627,16761,14596,,138,55,5.622082233428955,4.090486288070679,0.1659541130065918,316.3586585521698,88.31748415081748,13.021285937742977,82.83868715083798,22.505039326508832,327.14618253707886
83,800,0.5920011823427167,0.5546453458763371,32,kendal,initial,euclid_jaccard,euclid_jaccard,4,2,True,654035,530015,16950,14508,,134,46,5.878115892410278,4.558511972427368,0.16699910163879395,354.909259557724,87.21769388436054,11.898316555282971,81.8493947858473,20.776400726767804,366.2968728542328
84,861,0.6271414868015033,0.554295879427065,32,kendal,initial,euclid_jaccard,euclid_jaccard,4,2,True,763159,602084,17164,14806,,102,42,4.78352689743042,3.0211355686187744,0.15000176429748535,386.6824309825897,82.68399351732685,9.280670196469773,84.96857541899442,16.733615646005124,395.5320966243744
85,852,0.696466411914648,0.5558863231143735,32,kendal,initial,euclid_jaccard,euclid_jaccard,4,2,True,605755,387920,16305,14624,,50,51,4.848001718521118,1.6019985675811768,0.09000110626220703,290.4270169734955,76.13863863863864,6.738418343472158,82.9608938547486,12.464425762960827,297.71909856796265
86,860,0.7047839808656046,0.5554826374996943,32,kendal,initial,euclid_jaccard,euclid_jaccard,4,2,True,532844,314866,15681,14168,,46,53,4.124560117721558,1.3157539367675781,0.07600140571594238,258.5437104701996,75.61942895276229,6.45036855265237,80.76699255121042,11.946632235851085,264.81794261932373
87,846,0.6811212311851036,0.5553139207137904,32,kendal,initial,euclid_jaccard,euclid_jaccard,4,2,True,554661,366757,16589,14979,,58,63,4.2689995765686035,1.6812326908111572,0.08896470069885254,370.65855836868286,79.93386243386243,8.106460675713866,85.13151769087524,14.803308963039793,377.6373314857483
88,847,0.698930707478606,0.5552362813791851,32,kendal,initial,euclid_jaccard,euclid_jaccard,4,2,True,572123,345130,16431,15029,,48,60,6.749454021453857,2.428717851638794,0.12801361083984375,447.63552498817444,76.39758806425473,6.934219674098342,84.74162011173185,12.819451902846128,458.2433156967163
89,900,0.68548896773563,0.5546120825267236,32,kendal,initial,euclid_jaccard,euclid_jaccard,4,2,True,697101,475702,16865,15092,,57,63,6.55782151222229,2.8850224018096924,0.1461162567138672,521.0561320781708,76.00672100672101,6.870046652801978,85.35265363128491,12.716537481142382,532.375851392746
90,897,0.7401224124754482,0.5548087489361199,31,kendal,initial,euclid_jaccard,euclid_jaccard,4,2,True,342681,156077,12932,12142,,23,48,7.746127128601074,1.5643444061279297,0.1689622402191162,465.7304468154907,78.70322703656038,6.53449148072804,70.65875232774674,11.962679435265372,476.5175607204437
91,841,0.8064100646305568,0.5554771896207927,33,kendal,initial,euclid_jaccard,euclid_jaccard,4,2,True,0,0,0,0,,5,16,4.781681299209595,0.37945008277893066,0.055678606033325195,0.01915884017944336,97.95223795223795,0.0,0.0,0.0,6.4034857749938965
93,853,0.6815590785020574,0.5542526252204028,31,kendal,initial,euclid_jaccard,euclid_jaccard,4,2,True,607863,419356,16712,14892,,58,57,4.549645662307739,1.910466194152832,0.10100054740905762,318.0001814365387,80.02264168930836,7.9533641109335,82.80959031657356,14.512855554762316,325.1932737827301
94,858,0.6934623530511641,0.5596801350986126,31,kendal,initial,euclid_jaccard,euclid_jaccard,4,2,True,514355,323059,15836,14428,,51,75,5.803093433380127,2.332587718963623,0.09933161735534668,357.48064398765564,80.0238333571667,7.896857824096358,82.1054469273743,14.407965279550677,366.9790997505188
95,879,0.7355463445311591,0.5727364863458346,34,kendal,initial,euclid_jaccard,euclid_jaccard,4,2,True,342837,183865,12792,11829,,24,52,5.3125903606414795,1.1169233322143555,0.11983442306518555,343.1905837059021,81.94206110872777,7.486282426950364,68.8372905027933,13.503964199482857,350.6076171398163
96,851,0.6734528898014444,0.5600526633685842,38,kendal,initial,euclid_jaccard,euclid_jaccard,4,2,True,609672,423064,16032,14313,,61,69,4.851944208145142,1.9536082744598389,0.12092351913452148,379.0063099861145,79.82839982839984,7.793663832337988,81.71554934823091,14.230122215691438,387.88360500335693
97,827,0.6237901312451304,0.5504828445997545,30,kendal,initial,euclid_jaccard,euclid_jaccard,4,2,True,661717,506363,16878,14773,,108,61,4.9574432373046875,3.0783638954162598,0.14777660369873047,567.6782765388489,84.12185995519329,9.840342706076942,82.7455772811918,17.588956030702434,576.8909282684326
98,899,0.7200212116096786,0.6400561458127595,30,kendal,initial,euclid_jaccard,euclid_jaccard,4,2,True,500031,412946,15212,12433,,35,58,6.19027304649353,1.6377592086791992,0.16381478309631348,487.625613451004,90.88088088088088,14.546041153836962,70.83915270018622,24.13601665510062,497.1895718574524
99,828,0.62828717226918,0.55419990666779,31,kendal,initial,euclid_jaccard,euclid_jaccard,4,2,True,696096,528355,17244,14858,,102,52,10.488463640213013,9.381949663162231,0.4338102340698242,698.271491765976,83.29889413222746,9.541670779455796,84.38081936685289,17.144647618371966,719.9747343063354
100,828,0.7737665116299974,0.6728417785083088,32,kendal,initial,euclid_jaccard,euclid_jaccard,4,2,True,414939,325860,13705,11167,,11,36,5.694455862045288,0.5536093711853027,0.03992748260498047,545.0949881076813,90.35464035464035,12.727995510242259,63.34962756052141,21.197133733156786,552.6469459533691
